Url;Categories
file://C:/Home/Prod/Programa/Unity/Season%202/Proyecto%20de%20titulacion/Vortices%20try%202/vortices2/VORTICES-2%20ARRAY/VORTICES-2/Assets/StreamingAssets/images/com.oculus.shellenv-20230925-143332.jpg;
file://C:/Home/Prod/Programa/Unity/Season%202/Proyecto%20de%20titulacion/Vortices%20try%202/vortices2/VORTICES-2%20ARRAY/VORTICES-2/Assets/StreamingAssets/images/com.oculus.shellenv-20230925-143312.jpg;
file://C:/Home/Prod/Programa/Unity/Season%202/Proyecto%20de%20titulacion/Vortices%20try%202/vortices2/VORTICES-2%20ARRAY/VORTICES-2/Assets/StreamingAssets/images/com.oculus.shellenv-20231001-185222.jpg;
file://C:/Home/Prod/Programa/Unity/Season%202/Proyecto%20de%20titulacion/Vortices%20try%202/vortices2/VORTICES-2%20ARRAY/VORTICES-2/Assets/StreamingAssets/images/com.oculus.shellenv-20231001-185224.jpg;
file://C:/Home/Prod/Programa/Unity/Season%202/Proyecto%20de%20titulacion/Vortices%20try%202/vortices2/VORTICES-2%20ARRAY/VORTICES-2/Assets/StreamingAssets/images/com.oculus.shellenv-20230925-143256.jpg;
file://C:/Home/Prod/Programa/Unity/Season%202/Proyecto%20de%20titulacion/Vortices%20try%202/vortices2/VORTICES-2%20ARRAY/VORTICES-2/Assets/StreamingAssets/images/com.oculus.shellenv-20230925-143312.jpg.meta;
file://C:/Home/Prod/Programa/Unity/Season%202/Proyecto%20de%20titulacion/Vortices%20try%202/vortices2/VORTICES-2%20ARRAY/VORTICES-2/Assets/StreamingAssets/images/com.oculus.shellenv-20230925-143332.jpg.meta;
file://C:/Home/Prod/Programa/Unity/Season%202/Proyecto%20de%20titulacion/Vortices%20try%202/vortices2/VORTICES-2%20ARRAY/VORTICES-2/Assets/StreamingAssets/images/VirtualDesktop.Android-20230802-204949.jpg;
file://C:/Home/Prod/Programa/Unity/Season%202/Proyecto%20de%20titulacion/Vortices%20try%202/vortices2/VORTICES-2%20ARRAY/VORTICES-2/Assets/StreamingAssets/images/VirtualDesktop.Android-20230910-132650.jpg;
file://C:/Home/Prod/Programa/Unity/Season%202/Proyecto%20de%20titulacion/Vortices%20try%202/vortices2/VORTICES-2%20ARRAY/VORTICES-2/Assets/StreamingAssets/images/com.oculus.shellenv-20231001-185222.jpg.meta;
file://C:/Home/Prod/Programa/Unity/Season%202/Proyecto%20de%20titulacion/Vortices%20try%202/vortices2/VORTICES-2%20ARRAY/VORTICES-2/Assets/StreamingAssets/images/com.oculus.shellenv-20231001-185224.jpg.meta;MÃºsico;Pintor
file://C:/Home/Prod/Programa/Unity/Season%202/Proyecto%20de%20titulacion/Vortices%20try%202/vortices2/VORTICES-2%20ARRAY/VORTICES-2/Assets/StreamingAssets/images/VirtualDesktop.Android-20230910-132653.jpg;
file://C:/Home/Prod/Programa/Unity/Season%202/Proyecto%20de%20titulacion/Vortices%20try%202/vortices2/VORTICES-2%20ARRAY/VORTICES-2/Assets/StreamingAssets/images/VirtualDesktop.Android-20230921-163014.jpg;
file://C:/Home/Prod/Programa/Unity/Season%202/Proyecto%20de%20titulacion/Vortices%20try%202/vortices2/VORTICES-2%20ARRAY/VORTICES-2/Assets/StreamingAssets/images/com.oculus.shellenv-20230925-143256.jpg.meta;
file://C:/Home/Prod/Programa/Unity/Season%202/Proyecto%20de%20titulacion/Vortices%20try%202/vortices2/VORTICES-2%20ARRAY/VORTICES-2/Assets/StreamingAssets/images/VirtualDesktop.Android-20230802-204949.jpg.meta;
file://C:/Home/Prod/Programa/Unity/Season%202/Proyecto%20de%20titulacion/Vortices%20try%202/vortices2/VORTICES-2%20ARRAY/VORTICES-2/Assets/StreamingAssets/images/VirtualDesktop.Android-20230921-182508.jpg;
file://C:/Home/Prod/Programa/Unity/Season%202/Proyecto%20de%20titulacion/Vortices%20try%202/vortices2/VORTICES-2%20ARRAY/VORTICES-2/Assets/StreamingAssets/images/VirtualDesktop.Android-20230910-132650.jpg.meta;
file://C:/Home/Prod/Programa/Unity/Season%202/Proyecto%20de%20titulacion/Vortices%20try%202/vortices2/VORTICES-2%20ARRAY/VORTICES-2/Assets/StreamingAssets/images/VirtualDesktop.Android-20230910-132653.jpg.meta;
file://C:/Home/Prod/Programa/Unity/Season%202/Proyecto%20de%20titulacion/Vortices%20try%202/vortices2/VORTICES-2%20ARRAY/VORTICES-2/Assets/StreamingAssets/images/VirtualDesktop.Android-20230921-163014.jpg.meta;
file://C:/Home/Prod/Programa/Unity/Season%202/Proyecto%20de%20titulacion/Vortices%20try%202/vortices2/VORTICES-2%20ARRAY/VORTICES-2/Assets/StreamingAssets/images/VirtualDesktop.Android-20230921-182508.jpg.meta;
